{"cameraMode":{"drawMode":0,"name":"Shaded","section":"Shading Mode"},"sceneLighting":true,"audioPlay":false,"sceneViewState":{"showFog":true,"showMaterialUpdate":true,"showSkybox":true,"showFlares":true,"showImageEffects":true,"showParticleSystems":true},"in2DMode":false,"pivot":{"x":-0.9240061044692993,"y":-0.45880085229873659,"z":-1.564687728881836},"rotation":{"x":-0.07283855974674225,"y":0.9139242172241211,"z":-0.18936598300933839,"w":-0.35153597593307497},"size":4.957884311676025,"orthographic":false}