{"cameraMode":{"drawMode":0,"name":"Shaded","section":"Shading Mode"},"sceneLighting":true,"audioPlay":false,"sceneViewState":{"showFog":true,"showMaterialUpdate":false,"showSkybox":true,"showFlares":true,"showImageEffects":true,"showParticleSystems":true},"in2DMode":false,"pivot":{"x":-0.44017696380615237,"y":0.4141284227371216,"z":1.1542850732803345},"rotation":{"x":0.05259297043085098,"y":0.5486050844192505,"z":-0.03460821136832237,"w":0.8337090611457825},"size":2.8578836917877199,"orthographic":false}